id,label,cLabelIdx,cCntryCode,cLCControlNumber,UpName
1,Verve,VERVE,,,VERVE
2,Columbia,COLUMBIA,,,COLUMBIA
3,Concord,CONCORD,,,CONCORD
4,EMI,EMI,,,EMI
5,Capitol,CAPITOL,,,CAPITOL
6,Reprise,REPRISE,,,REPRISE
7,Elektra,ELEKTRA,,,ELEKTRA
8,RCA,RCA,,,RCA
9,Polydor,POLYDOR,,,POLYDOR
10,LaserLight,LASERLIGHT,,,LASERLIGHT
11,Bravura,BRAVURA,,,BRAVURA
12,CBS,CBS,,,CBS
13,Fantasy,FANTASY,,,FANTASY
14,Parlophone,PARLOPHONE,,,PARLOPHONE
15,EmArcy,EMARCY,,,EMARCY
16,Musical Heritage Society,MUSICAL HERITAGE SOCIETY,,,MUSICAL HERITAGE SOCIETY
17,Atlantic Jazz,ATLANTIC JAZZ,,,ATLANTIC JAZZ
18,Atlantic,ATLANTIC,,,ATLANTIC
19,Decca,DECCA,,,DECCA
20,Bethlehem,BETHLEHEM,,,BETHLEHEM
21,Impulse!,IMPULSE,,,IMPULSE!
22,Deutsche Grammophone,DEUTSCHE GRAMMOPHONE,,,DEUTSCHE GRAMMOPHONE
23,Philips,PHILIPS,,,PHILIPS
24,A&M,A&M,,,A&M
25,Qwest,QWEST,,,QWEST
26,Ode,ODE,,,ODE
27,Painted Smiles Records,PAINTED SMILES RECORDS,,,PAINTED SMILES RECORDS
28,Cirrus,CIRRUS,,,CIRRUS
29,Savoy Jazz,SAVOY JAZZ,,,SAVOY JAZZ
30,Deja Vu,DEJA VU,,,DEJA VU
31,Jazz Heritage,JAZZ HERITAGE,,,JAZZ HERITAGE
32,Pablo,PABLO,,,PABLO
33,Telarc,TELARC,,,TELARC
34,Prestige,PRESTIGE,,,PRESTIGE
35,Asylum,ASYLUM,,,ASYLUM
36,GRP,GRP,,,GRP
37,Arista,ARISTA,,,ARISTA
38,Command,COMMAND,,,COMMAND
39,Mosaic,MOSAIC,,,MOSAIC
40,Sandy Hook,SANDY HOOK,,,SANDY HOOK
41,MusicMasters,MUSICMASTERS,,,MUSICMASTERS
42,Capitol Jazz,CAPITOL JAZZ,,,CAPITOL JAZZ
43,Mercury,MERCURY,,,MERCURY
44,Natasha Imports,NATASHA IMPORTS,,,NATASHA IMPORTS
45,LRC Ltd.,LRC LTD,,,LRC LTD.
46,Decade,DECADE,,,DECADE
47,Pair,PAIR,,,PAIR
48,Stash,STASH,,,STASH
49,Proarte,PROARTE,,,PROARTE
50,Roost,ROOST,,,ROOST
51,Vintage Jazz Classics,VINTAGE JAZZ CLASSICS,,,VINTAGE JAZZ CLASSICS
52,Musicraft,MUSICRAFT,,,MUSICRAFT
53,Blue Note,BLUE NOTE,,,BLUE NOTE
54,MCA,MCA,,,MCA
55,Evening Star,EVENING STAR,,,EVENING STAR
56,DRG,DRG,,,DRG
57,Legacy International,LEGACY INTERNATIONAL,,,LEGACY INTERNATIONAL
58,Angel,ANGEL,,,ANGEL
59,Sire,SIRE,,,SIRE
60,Bluebird,BLUEBIRD,,,BLUEBIRD
61,Contemporary,CONTEMPORARY,,,CONTEMPORARY
62,Antilles,ANTILLES,,,ANTILLES
63,Manhattan,MANHATTAN,,,MANHATTAN
64,Encore,ENCORE,,,ENCORE
65,Debut,DEBUT,,,DEBUT
66,Enja,ENJA,,,ENJA
67,r'n'd,RND,,,R'N'D
68,K-tel,K-TEL,,,K-TEL
69,Pacific Jazz,PACIFIC JAZZ,,,PACIFIC JAZZ
70,Warner Bros.,WARNER BROS,,,WARNER BROS.
71,Wilbury,WILBURY,,,WILBURY
72,Portrait,PORTRAIT,,,PORTRAIT
73,Roulette,ROULETTE,,,ROULETTE
74,Cema,CEMA,,,CEMA
75,BBC Music,BBC MUSIC,,,BBC MUSIC
76,Private Music,PRIVATE MUSIC,,,PRIVATE MUSIC
77,Epic,EPIC,,,EPIC
78,Axiom,AXIOM,,,AXIOM
79,Fresh Sound,FRESH SOUND,,,FRESH SOUND
80,JMT,JMT,,,JMT
81,Geffen,GEFFEN,,,GEFFEN
82,Riverside,RIVERSIDE,,,RIVERSIDE
83,550 Music,550 MUSIC,,,550 MUSIC
84,Voice,VOICE,,,VOICE
85,Skifan,SKIFAN,,,SKIFAN
86,Novus,NOVUS,,,NOVUS
87,Smekkleysa,SMEKKLEYSA,,,SMEKKLEYSA
88,Archive,ARCHIVE,,,ARCHIVE
89,Rhino,RHINO,,,RHINO
90,American,AMERICAN,,,AMERICAN
91,Alert,ALERT,,,ALERT
92,ECM,ECM,,,ECM
93,Windam Hill Jazz,WINDAM HILL JAZZ,,,WINDAM HILL JAZZ
94,JRRecords,JRRECORDS,,,JRRECORDS
95,Liberty,LIBERTY,,,LIBERTY
96,TVT Records,TVT RECORDS,,,TVT RECORDS
97,Japis,JAPIS,,,JAPIS
98,EMI Classics,EMI CLASSICS,,,EMI CLASSICS
99,Jazzis,JAZZIS,,,JAZZIS
100,Jazztime/Jazzline,JAZZTIME/JAZZLINE,,,JAZZTIME/JAZZLINE
101,Charly,CHARLY,,,CHARLY
102,MCA Classics,MCA CLASSICS,,,MCA CLASSICS
103,"King Record Co., Ltd.",KING RECORD CO LTD,Ja,,"KING RECORD CO., LTD."
104,Original Jazz Classics,ORIGINAL JAZZ CLASSICS,,,ORIGINAL JAZZ CLASSICS
105,Sony Music Special Products,SONY MUSIC SPECIAL PRODUCTS,,,SONY MUSIC SPECIAL PRODUCTS
106,Columbia Legacy,COLUMBIA LEGACY,,,COLUMBIA LEGACY
107,Evidence,EVIDENCE,,,EVIDENCE
108,BMG,BMG,,,BMG
109,Jazz Hour,JAZZ HOUR,,,JAZZ HOUR
110,Dreyfus Jazz,DREYFUS JAZZ,,,DREYFUS JAZZ
111,Audiophile,AUDIOPHILE,,,AUDIOPHILE
112,Virgin,VIRGIN,,,VIRGIN
113,Abkco,ABKCO,,,ABKCO
114,Hindsight,HINDSIGHT,,,HINDSIGHT
115,Silk City Recording Compa,SILK CITY RECORDING COMPA,,,SILK CITY RECORDING COMPA
116,Koch Screen,KOCH SCREEN,,,KOCH SCREEN
117,Tomato,TOMATO,,,TOMATO
118,Artisan,ARTISAN,,,ARTISAN
119,Quicksilver,QUICKSILVER,,,QUICKSILVER
120,Bar/None,BAR/NONE,,,BAR/NONE
121,Motown,MOTOWN,,,MOTOWN
122,Muse,MUSE,,,MUSE
123,Private issue,PRIVATE ISSUE,,,PRIVATE ISSUE
124,Kisi hf,KISI HF,,,KISI HF
125,Spor,SPOR,,,SPOR
126,Koch Jazz,KOCH JAZZ,,,KOCH JAZZ
127,EMI Latin,EMI LATIN,,,EMI LATIN
128,JVC,JVC,,,JVC
129,Metro Blue,METRO BLUE,,,METRO BLUE
130,Sony Classical,SONY CLASSICAL,,,SONY CLASSICAL
131,The Entertainers,ENTERTAINERS,,,THE ENTERTAINERS
132,Viper's Nest,VIPERS NEST,,,VIPER'S NEST
133,Brunswick,BRUNSWICK,,,BRUNSWICK
134,Victor,VICTOR,,,VICTOR
135,Mammoth,MAMMOTH,,,MAMMOTH
136,Nonesuch,NONESUCH,,,NONESUCH
137,Blue Thumb,BLUE THUMB,,,BLUE THUMB
138,Epic Legacy,EPIC LEGACY,,,EPIC LEGACY
139,Dinemec Jazz,DINEMEC JAZZ,,,DINEMEC JAZZ
140,Bear Family Records,BEAR FAMILY RECORDS,,,BEAR FAMILY RECORDS
141,Jazz Classics,JAZZ CLASSICS,,,JAZZ CLASSICS
142,Varese Sarabande,VARESE SARABANDE,,,VARESE SARABANDE
143,Pinnacle,PINNACLE,,,PINNACLE
144,Taragon,TARAGON,,,TARAGON
145,Razor & Tie,RAZOR & TIE,,,RAZOR & TIE
146,Classic Jazz,CLASSIC JAZZ,,,CLASSIC JAZZ
147,Mayfair,MAYFAIR,,,MAYFAIR
148,ABC-Paramount,ABC-PARAMOUNT,,,ABC-PARAMOUNT
149,Stanyan,STANYAN,,,STANYAN
150,Crown,CROWN,#1,,CROWN
151,Inner City,INNER CITY,,,INNER CITY
152,Fanfare,FANFARE,,,FANFARE
153,Joyce Record Club,JOYCE RECORD CLUB,,,JOYCE RECORD CLUB
154,Blue Heaven Records,BLUE HEAVEN RECORDS,,,BLUE HEAVEN RECORDS
155,Progressive,PROGRESSIVE,,,PROGRESSIVE
156,Chesky,CHESKY,,,CHESKY
157,Jem,JEM,,,JEM
158,Columbia Special Products,COLUMBIA SPECIAL PRODUCTS,,,COLUMBIA SPECIAL PRODUCTS
159,Artistry,ARTISTRY,,,ARTISTRY
160,MMG,MMG,,,MMG
161,Longine Symphonette,LONGINE SYMPHONETTE,,,LONGINE SYMPHONETTE
162,Shoestring,SHOESTRING,,,SHOESTRING
163,Totem,TOTEM,,,TOTEM
164,G. A. Gramophone Co.,G A GRAMOPHONE CO,,,G. A. GRAMOPHONE CO.
165,Vocalion,VOCALION,,,VOCALION
166,Nesak,NESAK,,,NESAK
167,MGM,MGM,,,MGM
168,London,LONDON,,,LONDON
169,Milestone,MILESTONE,,,MILESTONE
170,Dunhill,DUNHILL,,,DUNHILL
171,Dragon,DRAGON,,,DRAGON
172,Okeh,OKEH,,,OKEH
173,Blue Chip Jazz,BLUE CHIP JAZZ,,,BLUE CHIP JAZZ
174,Vee-Jay,VEE-JAY,,,VEE-JAY
175,Pickwick/33,PICKWICK/33,,,PICKWICK/33
176,Chiaroscuro,CHIAROSCURO,,,CHIAROSCURO
177,Adelphi Records,ADELPHI RECORDS,,,ADELPHI RECORDS
178,Columbia Master Works,COLUMBIA MASTER WORKS,,,COLUMBIA MASTER WORKS
179,Corinthian,CORINTHIAN,,,CORINTHIAN
180,Parnassus,PARNASSUS,,,PARNASSUS
181,Jonzo Records,JONZO RECORDS,,,JONZO RECORDS
182,Justin Time Records,JUSTIN TIME RECORDS,,,JUSTIN TIME RECORDS
183,ABC-Impulse,ABC-IMPULSE,,,ABC-IMPULSE
184,Flying Dutchman,FLYING DUTCHMAN,,,FLYING DUTCHMAN
185,RCA Victor,RCA VICTOR,,,RCA VICTOR
186,Design Records,DESIGN RECORDS,,,DESIGN RECORDS
187,Sin-Drome,SIN-DROME,,,SIN-DROME
188,Camay,CAMAY,,,CAMAY
189,Tops,TOPS,,,TOPS
190,Coral,CORAL,,,CORAL
191,CTI,CTI,,,CTI
192,EMI America,EMI AMERICA,,,EMI AMERICA
193,Solid State,SOLID STATE,,,SOLID STATE
194,Jubilee,JUBILEE,,,JUBILEE
195,American London,AMERICAN LONDON,,,AMERICAN LONDON
196,Smithsonian Collection,SMITHSONIAN COLLECTION,,,SMITHSONIAN COLLECTION
197,Coronet,CORONET,,,CORONET
198,Audio Fidelity,AUDIO FIDELITY,,,AUDIO FIDELITY
199,Groove Merchant,GROOVE MERCHANT,,,GROOVE MERCHANT
200,Argo,ARGO,,,ARGO
201,Blue Sky,BLUE SKY,,,BLUE SKY
202,Pausa,PAUSA,,,PAUSA
203,Kapp,KAPP,,,KAPP
204,Halo,HALO,,,HALO
205,Legend,LEGEND,,,LEGEND
206,Circle,CIRCLE,,,CIRCLE
207,Jass,JASS,,,JASS
208,Everybody's,EVERYBODYS,,,EVERYBODY'S
209,Golden Era,GOLDEN ERA,,,GOLDEN ERA
210,Jasmine,JASMINE,,,JASMINE
211,32 Jazz,32 JAZZ,,,32 JAZZ
212,Blu-Disc,BLU-DISC,,,BLU-DISC
213,Magenta,MAGENTA,,,MAGENTA
214,Black Lion,BLACK LION,,,BLACK LION
215,Monmouth Evergreen,MONMOUTH EVERGREEN,,,MONMOUTH EVERGREEN
216,Dot,DOT,,,DOT
217,GNP Crescendo,GNP CRESCENDO,,,GNP CRESCENDO
218,Classic Jazz Masters,CLASSIC JAZZ MASTERS,,,CLASSIC JAZZ MASTERS
219,Take Two Records,TAKE TWO RECORDS,,,TAKE TWO RECORDS
220,United Artists,UNITED ARTISTS,,,UNITED ARTISTS
221,Malpaso,MALPASO,,,MALPASO
222,Horizon,HORIZON,,,HORIZON
223,Jazzvakning,JAZZVAKNING,,,JAZZVAKNING
224,Fahrenheit,FAHRENHEIT,,,FAHRENHEIT
225,DCC,DCC,,,DCC
226,Halcyon,HALCYON,,,HALCYON
227,Golden Tone,GOLDEN TONE,,,GOLDEN TONE
228,Finesse,FINESSE,,,FINESSE
229,Harmony,HARMONY,,,HARMONY
230,Signal,SIGNAL,,,SIGNAL
232,New Jazz,NEW JAZZ,,,NEW JAZZ
233,Metrojazz,METROJAZZ,,,METROJAZZ
234,Vik,VIK,,,VIK
235,Period,PERIOD,,,PERIOD
236,Felsted,FELSTED,,,FELSTED
237,Stere-o-craft,STERE-O-CRAFT,,,STERE-O-CRAFT
238,Transition,TRANSITION,,,TRANSITION
239,Dawn,DAWN,,,DAWN
240,Savoy,SAVOY,,,SAVOY
241,Dial,DIAL,,,DIAL
242,Bee Hive,BEE HIVE,,,BEE HIVE
243,El Saturn,EL SATURN,,,EL SATURN
244,Gryphon,GRYPHON,,,GRYPHON
245,OmniSound,OMNISOUND,,,OMNISOUND
246,[radio broadcast],RADIO BROADCAST,,,[RADIO BROADCAST]
247,Metronome,METRONOME,,,METRONOME
248,Esquire,ESQUIRE,,,ESQUIRE
249,Vogue,VOGUE,,,VOGUE
250,Swing,SWING,,,SWING
251,Chance,CHANCE,,,CHANCE
252,Delmark,DELMARK,,,DELMARK
253,Flying Fish,FLYING FISH,,,FLYING FISH
254,Unicom,UNICOM,,,UNICOM
255,Questique,QUESTIQUE,,,QUESTIQUE
256,Spinnster,SPINNSTER,,,SPINNSTER
257,Ram,RAM,,,RAM
258,Drive Archive,DRIVE ARCHIVE,,,DRIVE ARCHIVE
259,IAJRC,IAJRC,,,IAJRC
260,Elektra/Musician,ELEKTRA/MUSICIAN,,,ELEKTRA/MUSICIAN
261,Galaxy,GALAXY,,,GALAXY
262,Global,GLOBAL,,,GLOBAL
263,Amosaya,AMOSAYA,,,AMOSAYA
264,Discovery,DISCOVERY,,,DISCOVERY
265,Trend,TREND,,,TREND
266,Strings Attached,STRINGS ATTACHED,,,STRINGS ATTACHED
267,Strand,STRAND,,,STRAND
268,Charlie Parker,CHARLIE PARKER,,,CHARLIE PARKER
269,MPS,MPS,,,MPS
270,Ping,PING,,,PING
271,Aristocrat,ARISTOCRAT,,,ARISTOCRAT
272,Verro,VERRO,,,VERRO
273,National,NATIONAL,,,NATIONAL
274,Universal,UNIVERSAL,,,UNIVERSAL
275,Collectables,COLLECTABLES,,,COLLECTABLES
276,Onyx,ONYX,,,ONYX
277,Go Jazz,GO JAZZ,,,GO JAZZ
278,Coda,CODA,,,CODA
279,Gadfly,GADFLY,,,GADFLY
280,Unicorn Productions,UNICORN PRODUCTIONS,,,UNICORN PRODUCTIONS
281,Ades,ADES,,,ADES
282,King,KING,,,KING
283,Time,TIME,,,TIME
284,Zim,ZIM,,,ZIM
285,West 54,WEST 54,,,WEST 54
286,Palo Alto,PALO ALTO,,,PALO ALTO
287,Criss Cross,CRISS CROSS,,,CRISS CROSS
288,Storyville,STORYVILLE,,,STORYVILLE
289,Supraphon,SUPRAPHON,,,SUPRAPHON
290,Gazell,GAZELL,,,GAZELL
291,Vara Jazz,VARA JAZZ,,,VARA JAZZ
292,TCB Records,TCB RECORDS,,,TCB RECORDS
293,Reservoir,RESERVOIR,,,RESERVOIR
294,Ring,RING,,,RING
295,VGS,VGS,,,VGS
296,Zen,ZEN,,,ZEN
297,Uptown,UPTOWN,,,UPTOWN
298,Koala,KOALA,,,KOALA
299,Denon,DENON,,,DENON
300,Pathe,PATHE,,,PATHE
301,Carosello,CAROSELLO,It,,CAROSELLO
302,I Giganti Del Jazz,I GIGANTI DEL JAZZ,It.,,I GIGANTI DEL JAZZ
303,Barclay,BARCLAY,,,BARCLAY
304,Major Minor,MAJOR MINOR,,,MAJOR MINOR
305,Gateway,GATEWAY,,,GATEWAY
306,BVHAAST,BVHAAST,,,BVHAAST
307,Jeru,JERU,,,JERU
308,Xanadu,XANADU,,,XANADU
309,Gramavision,GRAMAVISION,,,GRAMAVISION
310,Nocturne,NOCTURNE,Fr.,,NOCTURNE
311,Enterprise,ENTERPRISE,,,ENTERPRISE
312,Arabesque,ARABESQUE,,,ARABESQUE
313,Mapleshade,MAPLESHADE,,,MAPLESHADE
314,C. Macey Productions,C MACEY PRODUCTIONS,,,C. MACEY PRODUCTIONS
315,Cexton,CEXTON,,,CEXTON
316,[private recording],PRIVATE RECORDING,,,[PRIVATE RECORDING]
317,East Coasting,EAST COASTING,,,EAST COASTING
318,Ozone,OZONE,,,OZONE
319,Excelsior,EXCELSIOR,,,EXCELSIOR
320,Sounds Of Swing,SOUNDS OF SWING,,,SOUNDS OF SWING
321,Music Room Special,MUSIC ROOM SPECIAL,,,MUSIC ROOM SPECIAL
322,Temponic,TEMPONIC,,,TEMPONIC
323,Red,RED,,,RED
324,Candid,CANDID,,,CANDID
325,Philology,PHILOLOGY,,,PHILOLOGY
326,Label M,LABEL M,,,LABEL M
327,Prevue,PREVUE,,,PREVUE
328,East Wind,EAST WIND,,,EAST WIND
329,Landmark,LANDMARK,,,LANDMARK
330,RTE,RTE,,,RTE
331,Limetree,LIMETREE,,,LIMETREE
332,Baystate,BAYSTATE,,,BAYSTATE
333,Capri,CAPRI,,,CAPRI
334,Black-Hawk,BLACK-HAWK,,,BLACK-HAWK
335,Jazz America Marketing,JAZZ AMERICA MARKETING,,,JAZZ AMERICA MARKETING
336,Wolf Records,WOLF RECORDS,,,WOLF RECORDS
337,Why Not,WHY NOT,,,WHY NOT
338,Red Baron,RED BARON,,,RED BARON
339,Eagle Jazz,EAGLE JAZZ,,,EAGLE JAZZ
340,Naxos Jazz,NAXOS JAZZ,,,NAXOS JAZZ
341,FDC,FDC,It.,,FDC
342,Soul Note,SOUL NOTE,It,,SOUL NOTE
343,Black Saint,BLACK SAINT,It,,BLACK SAINT
344,Cobblestone,COBBLESTONE,,,COBBLESTONE
345,Joken,JOKEN,,,JOKEN
346,Freedom,FREEDOM,,,FREEDOM
347,Buddah,BUDDAH,,,BUDDAH
348,Cadet,CADET,,,CADET
349,Limelight,LIMELIGHT,,,LIMELIGHT
350,byg,BYG,Fr,,BYG
351,Vanguard,VANGUARD,,,VANGUARD
352,Jazz Door,JAZZ DOOR,,,JAZZ DOOR
353,CEI Records,CEI RECORDS,,,CEI RECORDS
354,Timeless,TIMELESS,,,TIMELESS
355,Justice,JUSTICE,,,JUSTICE
356,Jazzheads,JAZZHEADS,,,JAZZHEADS
357,Mainstream,MAINSTREAM,,,MAINSTREAM
358,Space Time,SPACE TIME,,,SPACE TIME
359,UBX,UBX,,,UBX
360,Vertical Jazz,VERTICAL JAZZ,,,VERTICAL JAZZ
361,1201 Music,1201 MUSIC,,,1201 MUSIC
362,Venus,VENUS,Jap.,,VENUS
363,Sonora,SONORA,,,SONORA
364,Mobile Fidelity,MOBILE FIDELITY,,,MOBILE FIDELITY
365,Dauntless,DAUNTLESS,,,DAUNTLESS
366,N-Coded Music,N-CODED MUSIC,,,N-CODED MUSIC
367,JazzMania,JAZZMANIA,,,JAZZMANIA
368,AudioQuest,AUDIOQUEST,,,AUDIOQUEST
369,Europa Jazz,EUROPA JAZZ,,,EUROPA JAZZ
370,Hannibal,HANNIBAL,,,HANNIBAL
371,Nerus,NERUS,,,NERUS
372,Wave,WAVE,,,WAVE
373,Sunnyside,SUNNYSIDE,,,SUNNYSIDE
374,SteepleChase,STEEPLECHASE,,,STEEPLECHASE
375,India Navigation,INDIA NAVIGATION,,,INDIA NAVIGATION
376,Interplay,INTERPLAY,,,INTERPLAY
377,New Note,NEW NOTE,,,NEW NOTE
378,CBS/Sony,CBS/SONY,Jap.,,CBS/SONY
379,Taylor-Made,TAYLOR-MADE,,,TAYLOR-MADE
380,PHo,PHO,,,PHO
381,Bingow,BINGOW,,,BINGOW
382,Amplitude,AMPLITUDE,,,AMPLITUDE
383,Janus,JANUS,,,JANUS
384,Inspire Productions,INSPIRE PRODUCTIONS,,,INSPIRE PRODUCTIONS
385,Beam International,BEAM INTERNATIONAL,,,BEAM INTERNATIONAL
386,Jazz Road,JAZZ ROAD,,,JAZZ ROAD
387,Essential,ESSENTIAL,,,ESSENTIAL
388,Spirit Nectar,SPIRIT NECTAR,,,SPIRIT NECTAR
389,East World,EAST WORLD,,,EAST WORLD
390,The Jazz Alliance,JAZZ ALLIANCE,,,THE JAZZ ALLIANCE
391,Sound Hills,SOUND HILLS,,,SOUND HILLS
392,Konnex,KONNEX,,,KONNEX
393,Jazzand,JAZZAND,,,JAZZAND
394,IRS,IRS,,,IRS
395,Free Lance,FREE LANCE,,,FREE LANCE
396,Groovin' High,GROOVIN HIGH,,,GROOVIN' HIGH
397,Your Record,YOUR RECORD,,,YOUR RECORD
398,GM,GM,,,GM
399,GRP/Impulse!,GRP/IMPULSE,,,GRP/IMPULSE!
400,Jazzland,JAZZLAND,,,JAZZLAND
401,Arkimu,ARKIMU,,,ARKIMU
402,Jump Street,JUMP STREET,,,JUMP STREET
403,MCA/Impulse!,MCA/IMPULSE,,,MCA/IMPULSE!
404,ESP-Disk,ESP-DISK,,,ESP-DISK
405,DIW,DIW,,,DIW
406,Jihad,JIHAD,,,JIHAD
407,Emanem,EMANEM,,,EMANEM
408,hat ART,HAT ART,,,HAT ART
409,Jazz Connoisseur,JAZZ CONNOISSEUR,,,JAZZ CONNOISSEUR
410,Landscape,LANDSCAPE,,,LANDSCAPE
411,Sesac,SESAC,,,SESAC
412,Royal Jazz,ROYAL JAZZ,,,ROYAL JAZZ
413,World Pacific,WORLD PACIFIC,,,WORLD PACIFIC
414,Moon,MOON,,,MOON
415,Osmosis,OSMOSIS,,,OSMOSIS
416,Playboy,PLAYBOY,,,PLAYBOY
417,Seeco,SEECO,,,SEECO
418,Carlton,CARLTON,,,CARLTON
419,Perfect,PERFECT,,,PERFECT
420,Phontastic,PHONTASTIC,,,PHONTASTIC
421,[television broadcast],TELEVISION BROADCAST,,,[TELEVISION BROADCAST]
422,Kings Of Jazz,KINGS OF JAZZ,,,KINGS OF JAZZ
423,Jazz Records,JAZZ RECORDS,,,JAZZ RECORDS
424,Park,PARK,,,PARK
425,Tempi di Jazz,TEMPI DI JAZZ,,,TEMPI DI JAZZ
426,Jazzman,JAZZMAN,,,JAZZMAN
427,Panorama,PANORAMA,,,PANORAMA
428,Jazz Kings,JAZZ KINGS,,,JAZZ KINGS
429,Urania,URANIA,,,URANIA
430,Giants Of Jazz,GIANTS OF JAZZ,,,GIANTS OF JAZZ
431,Ingo,INGO,,,INGO
432,Bird Notes,BIRD NOTES,,,BIRD NOTES
433,Jazz Anthology,JAZZ ANTHOLOGY,,,JAZZ ANTHOLOGY
434,Magnetic,MAGNETIC,,,MAGNETIC
435,Bandstand,BANDSTAND,,,BANDSTAND
436,Colpix,COLPIX,,,COLPIX
437,Prestige/Moodsville,PRESTIGE/MOODSVILLE,,,PRESTIGE/MOODSVILLE
438,Omega,OMEGA,,,OMEGA
439,Regina,REGINA,,,REGINA
440,Mothlight,MOTHLIGHT,,,MOTHLIGHT
441,CAN-AM International,CAN-AM INTERNATIONAL,,,CAN-AM INTERNATIONAL
442,Perception,PERCEPTION,,,PERCEPTION
443,Castle,CASTLE,,,CASTLE
444,Bainbridge,BAINBRIDGE,,,BAINBRIDGE
445,Meteor Magnum,METEOR MAGNUM,,,METEOR MAGNUM
446,Blue Flame,BLUE FLAME,,,BLUE FLAME
447,Arkadia Jazz,ARKADIA JAZZ,,,ARKADIA JAZZ
448,Mack Avenue,MACK AVENUE,,,MACK AVENUE
449,Bell,BELL,,,BELL
450,PolyGram,POLYGRAM,,,POLYGRAM
451,HiLife,HILIFE,,,HILIFE
452,Yes To Jazz,YES TO JAZZ,,,YES TO JAZZ
453,Blue Jazz,BLUE JAZZ,,,BLUE JAZZ
454,Calliope,CALLIOPE,,,CALLIOPE
455,Blue Marge,BLUE MARGE,,,BLUE MARGE
456,ITM,ITM,,,ITM
457,Joker,JOKER,,,JOKER
458,Grapeshot,GRAPESHOT,,,GRAPESHOT
459,Cadence,CADENCE,,,CADENCE
460,CIMP,CIMP,,,CIMP
461,Timescraper,TIMESCRAPER,,,TIMESCRAPER
462,WestWind,WESTWIND,,,WESTWIND
463,Eremite,EREMITE,,,EREMITE
464,Geetika,GEETIKA,,,GEETIKA
465,Improvising Artists Inc.,IMPROVISING ARTISTS INC,,,IMPROVISING ARTISTS INC.
466,Composers Collective,COMPOSERS COLLECTIVE,,,COMPOSERS COLLECTIVE
467,Birth,BIRTH,,,BIRTH
468,OTIC,OTIC,,,OTIC
469,DPR,DPR,,,DPR
470,AKM,AKM,,,AKM
471,Paramount,PARAMOUNT,,,PARAMOUNT
472,Earthforms,EARTHFORMS,,,EARTHFORMS
473,Beancake,BEANCAKE,,,BEANCAKE
474,Laughing Angel,LAUGHING ANGEL,,,LAUGHING ANGEL
475,ReEntry,REENTRY,,,REENTRY
476,JCOA,JCOA,,,JCOA
477,[unrecorded?],UNRECORDED,,,[UNRECORDED?]
478,Boplicity,BOPLICITY,,,BOPLICITY
479,Braxton House,BRAXTON HOUSE,,,BRAXTON HOUSE
480,John Hammond,JOHN HAMMOND,,,JOHN HAMMOND
481,P-Vine,P-VINE,,,P-VINE
482,Claves Jazz,CLAVES JAZZ,,,CLAVES JAZZ
483,EGT,EGT,,,EGT
484,Koch/Schwann,KOCH/SCHWANN,,,KOCH/SCHWANN
485,Moers Music,MOERS MUSIC,,,MOERS MUSIC
486,Mons,MONS,,,MONS
487,West Side,WEST SIDE,,,WEST SIDE
488,Jazz Planet,JAZZ PLANET,,,JAZZ PLANET
489,Jazz Time,JAZZ TIME,,,JAZZ TIME
490,Douglas,DOUGLAS,,,DOUGLAS
491,Douglas Music,DOUGLAS MUSIC,,,DOUGLAS MUSIC
492,Kiva,KIVA,,,KIVA
493,Crown,CROWN,#2,,CROWN
494,Sonet,SONET,,,SONET
495,Arco,ARCO,,,ARCO
496,Double Time,DOUBLE TIME,,,DOUBLE TIME
497,BRC International,BRC INTERNATIONAL,,,BRC INTERNATIONAL
498,Keystone,KEYSTONE,,,KEYSTONE
499,Somethin' Else,SOMETHIN ELSE,,,SOMETHIN' ELSE
500,Art Union,ART UNION,Japan,,ART UNION
501,True Life Jazz,TRUE LIFE JAZZ,,,TRUE LIFE JAZZ
502,Dove,DOVE,,,DOVE
503,Eighty-Eight's,EIGHTY-EIGHTS,,,EIGHTY-EIGHT'S
504,BGI Records,BGI RECORDS,,,BGI RECORDS
505,Diplomat,DIPLOMAT,,,DIPLOMAT
506,Texas Rose,TEXAS ROSE,,,TEXAS ROSE
507,Skyline,SKYLINE,,,SKYLINE
508,Blue Music,BLUE MUSIC,,,BLUE MUSIC
509,Ambiance,AMBIANCE,,,AMBIANCE
510,Blue Horizon,BLUE HORIZON,,,BLUE HORIZON
511,Tudor,TUDOR,,,TUDOR
512,Stony Plain,STONY PLAIN,,,STONY PLAIN
513,JIMCO,JIMCO,,,JIMCO
514,A-Records,A-RECORDS,,,A-RECORDS
515,Mad-Kat,MAD-KAT,,,MAD-KAT
516,Hugo's Music,HUGOS MUSIC,,,HUGO'S MUSIC
517,Anami,ANAMI,,,ANAMI
518,Theresa,THERESA,,,THERESA
519,Bean,BEAN,Italy,,BEAN
520,Chess,CHESS,,,CHESS
521,GRP/Chess,GRP/CHESS,,,GRP/CHESS
522,Musica Jazz,MUSICA JAZZ,It,,MUSICA JAZZ
523,Time Is,TIME IS,,,TIME IS
524,Ubatuqui,UBATUQUI,Spain,,UBATUQUI
525,MCG Jazz,MCG JAZZ,,,MCG JAZZ
526,Classic World,CLASSIC WORLD,,,CLASSIC WORLD
527,Malaco Jazz Classics,MALACO JAZZ CLASSICS,,,MALACO JAZZ CLASSICS
528,Ekapa/Black Hawk,EKAPA/BLACK HAWK,,,EKAPA/BLACK HAWK
529,After 9,AFTER 9,,,AFTER 9
530,Booktrader,BOOKTRADER,,,BOOKTRADER
531,MasterMix,MASTERMIX,,,MASTERMIX
532,3 much fun,3 MUCH FUN,,,3 MUCH FUN
533,Think Musart,THINK MUSART,,,THINK MUSART
534,Red Cow,RED COW,,,RED COW
535,Mercy Monet,MERCY MONET,,,MERCY MONET
536,Good Guise,GOOD GUISE,,,GOOD GUISE
537,Linn,LINN,,,LINN
538,Spartacus,SPARTACUS,,,SPARTACUS
539,J For Jazz,J FOR JAZZ,,,J FOR JAZZ
540,Radiola,RADIOLA,,,RADIOLA
541,Jazz Unlimited,JAZZ UNLIMITED,,,JAZZ UNLIMITED
542,Bombasi,BOMBASI,,,BOMBASI
543,Chase Music Group,CHASE MUSIC GROUP,,,CHASE MUSIC GROUP
544,Blue Jackel,BLUE JACKEL,,,BLUE JACKEL
545,Lightyear,LIGHTYEAR,,,LIGHTYEAR
546,Zebra,ZEBRA,,,ZEBRA
547,Paddle Wheel,PADDLE WHEEL,Ja,,PADDLE WHEEL
548,Blow It Hard,BLOW IT HARD,,,BLOW IT HARD
549,In + Out,IN + OUT,,,IN + OUT
550,Messidor,MESSIDOR,,,MESSIDOR
551,Sharp Nine,SHARP NINE,,,SHARP NINE
552,Spotlite,SPOTLITE,,,SPOTLITE
553,Honey Dew,HONEY DEW,,,HONEY DEW
554,Blue Moon,BLUE MOON,,,BLUE MOON
555,Jazz Factory,JAZZ FACTORY,,,JAZZ FACTORY
556,Queen-Disc,QUEEN-DISC,,,QUEEN-DISC
557,Cool 'n Blue,COOL N BLUE,,,COOL 'N BLUE
558,Marshmallow,MARSHMALLOW,,,MARSHMALLOW
559,Stateside,STATESIDE,,,STATESIDE
560,Cicala,CICALA,,,CICALA
561,Proper,PROPER,,,PROPER
562,Nel Jazz,NEL JAZZ,,,NEL JAZZ
563,Pioneer,PIONEER,,,PIONEER
564,NDR,NDR,,,NDR
565,Balmore,BALMORE,,,BALMORE
566,Starmaker,STARMAKER,,,STARMAKER
567,Mark,MARK,,,MARK
568,The Hatchery,HATCHERY,,,THE HATCHERY
569,Horo,HORO,,,HORO
570,dmp,DMP,,,DMP
571,Minor Music,MINOR MUSIC,,,MINOR MUSIC
572,Auteuri,AUTEURI,,,AUTEURI
573,Island,ISLAND,,,ISLAND
574,Island/Mango,ISLAND/MANGO,,,ISLAND/MANGO
575,Universal Latino,UNIVERSAL LATINO,,,UNIVERSAL LATINO
576,Connector,CONNECTOR,,,CONNECTOR
577,NOM,NOM,,,NOM
578,Alacra,ALACRA,,,ALACRA
579,BASF,BASF,,,BASF
580,ATM,ATM,,,ATM
581,Suzy,SUZY,,,SUZY
582,Magnetic Music,MAGNETIC MUSIC,,,MAGNETIC MUSIC
583,Era,ERA,,,ERA
584,Freeway,FREEWAY,,,FREEWAY
585,Camarata Tokyo-Insights,CAMARATA TOKYO-INSIGHTS,Ja,,CAMARATA TOKYO-INSIGHTS
586,Ephemeris,EPHEMERIS,,,EPHEMERIS
587,Wounded Bird,WOUNDED BIRD,,,WOUNDED BIRD
588,Act Zero,ACT ZERO,,,ACT ZERO
589,ACT,ACT,,,ACT
590,Labor,LABOR,,,LABOR
591,Vortex,VORTEX,,,VORTEX
592,Etoile,ETOILE,,,ETOILE
593,Famous Solos,FAMOUS SOLOS,,,FAMOUS SOLOS
594,Big Bear,BIG BEAR,,,BIG BEAR
595,Empathy,EMPATHY,,,EMPATHY
596,Insights,INSIGHTS,,,INSIGHTS
597,Century,CENTURY,,,CENTURY
598,Ego,EGO,,,EGO
599,Four Leaf Clover,FOUR LEAF CLOVER,,,FOUR LEAF CLOVER
600,Swe-Disc,SWE-DISC,,,SWE-DISC
601,Owl,OWL,,,OWL
602,Pimienta,PIMIENTA,,,PIMIENTA
603,Euphoria,EUPHORIA,,,EUPHORIA
604,Shanachie,SHANACHIE,,,SHANACHIE
605,Artists House,ARTISTS HOUSE,,,ARTISTS HOUSE
606,B & W,B & W,,,B & W
607,Aisha,AISHA,,,AISHA
608,Winter & Winter,WINTER & WINTER,,,WINTER & WINTER
609,441 Records,441 RECORDS,,,441 RECORDS
610,Drimala,DRIMALA,,,DRIMALA
611,FMO Productions,FMO PRODUCTIONS,,,FMO PRODUCTIONS
612,Bop City,BOP CITY,,,BOP CITY
613,Silveto,SILVETO,,,SILVETO
614,Trema,TREMA,F,,TREMA
615,Pixie,PIXIE,,,PIXIE
616,Alfa,ALFA,Ja,,ALFA
617,Crown-Break Time,CROWN-BREAK TIME,Ja,,CROWN-BREAK TIME
618,Sackville,SACKVILLE,Ca,,SACKVILLE
619,Hep,HEP,E,,HEP
620,Incus,INCUS,E,,INCUS
621,Joule,JOULE,,,JOULE
622,Video Arts Music,VIDEO ARTS MUSIC,Ja,,VIDEO ARTS MUSIC
623,Playgame,PLAYGAME,,,PLAYGAME
624,TBR,TBR,,,TBR
625,Nagel-Heyer,NAGEL-HEYER,G,,NAGEL-HEYER
626,M.A.S. Productions,MAS PRODUCTIONS,,,M.A.S. PRODUCTIONS
627,Umoja Productions,UMOJA PRODUCTIONS,,,UMOJA PRODUCTIONS
628,Recall,RECALL,,,RECALL
629,Lionelle Hamanaka,LIONELLE HAMANAKA,,,LIONELLE HAMANAKA
630,RH Factor,RH FACTOR,,,RH FACTOR
631,Classics,CLASSICS,,,CLASSICS
632,Black & White,BLACK & WHITE,,,BLACK & WHITE
633,AFRS Jubilee,AFRS JUBILEE,,,AFRS JUBILEE
634,Casablanca,CASABLANCA,,,CASABLANCA
635,Rykodisc,RYKODISC,,,RYKODISC
636,Touchstone,TOUCHSTONE,,,TOUCHSTONE
637,Delos,DELOS,,,DELOS
638,MAMA,MAMA,,,MAMA
639,Diaspora,DIASPORA,,,DIASPORA
640,MotÇma,MOTêMA,,,MOTêMA
641,Seven Venues,SEVEN VENUES,,,SEVEN VENUES
642,Yamin Music,YAMIN MUSIC,,,YAMIN MUSIC
643,Defemio Records,DEFEMIO RECORDS,,,DEFEMIO RECORDS
644,Planet Arts,PLANET ARTS,,,PLANET ARTS
645,HÑnssler Classic,HéNSSLER CLASSIC,G,,HéNSSLER CLASSIC
646,L.C.U. [Lost Cosmic Unity],LCU LOST COSMIC UNITY,,,L.C.U. [LOST COSMIC UNITY]
647,Mercer,MERCER,,,MERCER
648,Sea Breeze,SEA BREEZE,,,SEA BREEZE
649,Shiah,SHIAH,,,SHIAH
650,Waja,WAJA,,,WAJA
651,Mopro,MOPRO,,,MOPRO
652,Cobine Inc.,COBINE INC,,,COBINE INC.
653,Endgame,ENDGAME,,,ENDGAME
654,Wing,WING,,,WING
655,Jazz Realities,JAZZ REALITIES,G,,JAZZ REALITIES
656,Mod,MOD,G,,MOD
657,Jazzline,JAZZLINE,G,,JAZZLINE
658,Overseas,OVERSEAS,J,,OVERSEAS
659,San Francisco Jazz,SAN FRANCISCO JAZZ,,,SAN FRANCISCO JAZZ
660,Cinema City,CINEMA CITY,J,,CINEMA CITY
661,Hipnotation,HIPNOTATION,Au,,HIPNOTATION
662,All Art,ALL ART,Ja,,ALL ART
663,Sterling Bell,STERLING BELL,,,STERLING BELL
664,Highland Jazz,HIGHLAND JAZZ,,,HIGHLAND JAZZ
665,LineOut,LINEOUT,,,LINEOUT
666,Ictus,ICTUS,,,ICTUS
667,MM&R,MM&R,,,MM&R
668,Seaside,SEASIDE,,,SEASIDE
669,Dental,DENTAL,,,DENTAL
670,Brownstone,BROWNSTONE,,,BROWNSTONE
671,Dreambox Media,DREAMBOX MEDIA,,,DREAMBOX MEDIA
672,Jardis,JARDIS,,,JARDIS
673,Summit,SUMMIT,,,SUMMIT
674,Cotillion,COTILLION,,,COTILLION
675,Daring,DARING,,,DARING
676,Civil Defense,CIVIL DEFENSE,,,CIVIL DEFENSE
677,Blujazz,BLUJAZZ,,,BLUJAZZ
678,Atco,ATCO,,,ATCO
679,Embryo,EMBRYO,,,EMBRYO
680,Harmona,HARMONA,As,,HARMONA
681,Presto,PRESTO,,,PRESTO
682,Time/Life,TIME/LIFE,,,TIME/LIFE
683,Bhakti,BHAKTI,G,,BHAKTI
684,DSC,DSC,G,,DSC
685,Toshiba/Express,TOSHIBA/EXPRESS,Ja,,TOSHIBA/EXPRESS
686,L + R,L + R,G,,L + R
687,Acoustic Music,ACOUSTIC MUSIC,G,,ACOUSTIC MUSIC
688,Network,NETWORK,G,,NETWORK
689,Anagram,ANAGRAM,,,ANAGRAM
690,Center,CENTER,G,,CENTER
691,Rayna,RAYNA,G,,RAYNA
692,Selected Sound,SELECTED SOUND,G,,SELECTED SOUND
693,Tin Sandwich,TIN SANDWICH,,,TIN SANDWICH
694,Brass Taco,BRASS TACO,,,BRASS TACO
695,Berklee,BERKLEE,,,BERKLEE
696,Cia Industrial De Discos,CIA INDUSTRIAL DE DISCOS,,,CIA INDUSTRIAL DE DISCOS
697,BoMuse Transcriptions,BOMUSE TRANSCRIPTIONS,,,BOMUSE TRANSCRIPTIONS
698,Suzanne Davis,SUZANNE DAVIS,,,SUZANNE DAVIS
699,Publick Ptomaine,PUBLICK PTOMAINE,,,PUBLICK PTOMAINE
700,Pannon Jazz,PANNON JAZZ,Hu,,PANNON JAZZ
701,Double Moon,DOUBLE MOON,G,,DOUBLE MOON
702,PlÑne,PLéNE,G,,PLéNE
703,Pannonton,PANNONTON,H,,PANNONTON
704,EMI-Electrola,EMI-ELECTROLA,G,,EMI-ELECTROLA
705,Black Jack,BLACK JACK,G,,BLACK JACK
706,Focus,FOCUS,,,FOCUS
707,Now,NOW,,,NOW
708,Studio P/R,STUDIO P/R,,,STUDIO P/R
709,Cadence Jazz,CADENCE JAZZ,,,CADENCE JAZZ
710,Stork Music Productions,STORK MUSIC PRODUCTIONS,,,STORK MUSIC PRODUCTIONS
711,Fontana,FONTANA,,,FONTANA
712,Arista/Freedom,ARISTA/FREEDOM,,,ARISTA/FREEDOM
713,Durian,DURIAN,,,DURIAN
714,Old Town,OLD TOWN,,,OLD TOWN
715,Jazztone,JAZZTONE,,,JAZZTONE
716,Jazz Band,JAZZ BAND,,,JAZZ BAND
717,Triumph,TRIUMPH,,,TRIUMPH
718,RST,RST,Austr,,RST
719,Raretone,RARETONE,It,,RARETONE
720,Consolidated Artists Productions,CONSOLIDATED ARTISTS PRODUCTIONS,,,CONSOLIDATED ARTISTS PRODUCTIONS
721,Status,STATUS,,,STATUS
722,Fresh Air,FRESH AIR,,,FRESH AIR
723,Associated,ASSOCIATED,,,ASSOCIATED
724,Continental,CONTINENTAL,,,CONTINENTAL
725,Haven,HAVEN,,,HAVEN
726,Renma,RENMA,,,RENMA
727,Foxhaven,FOXHAVEN,,,FOXHAVEN
728,Judson,JUDSON,,,JUDSON
729,Freedom Jazz Records,FREEDOM JAZZ RECORDS,,,FREEDOM JAZZ RECORDS
730,Session Disc,SESSION DISC,,,SESSION DISC
731,Norgran,NORGRAN,,,NORGRAN
732,Jazz Groove,JAZZ GROOVE,,,JAZZ GROOVE
733,Savoy/Atlantic,SAVOY/ATLANTIC,,,SAVOY/ATLANTIC
734,Mary Records,MARY RECORDS,,,MARY RECORDS
735,Mythic Sound,MYTHIC SOUND,It,,MYTHIC SOUND
736,Serene,SERENE,Fr,,SERENE
737,Watt,WATT,,,WATT
738,Passin' Thru,PASSIN THRU,,,PASSIN' THRU
739,Original Blues Classics,ORIGINAL BLUES CLASSICS,,,ORIGINAL BLUES CLASSICS
740,Prestige/Bluesville,PRESTIGE/BLUESVILLE,,,PRESTIGE/BLUESVILLE
741,Music Minus One,MUSIC MINUS ONE,,,MUSIC MINUS ONE
742,Strata-East,STRATA-EAST,,,STRATA-EAST
743,Frontier,FRONTIER,,,FRONTIER
744,Rondo,RONDO,,,RONDO
745,Atlas,ATLAS,,,ATLAS
746,Document,DOCUMENT,,,DOCUMENT
747,Fini Jazz,FINI JAZZ,,,FINI JAZZ
748,HatOLOGY,HATOLOGY,,,HATOLOGY
749,Unique Jazz,UNIQUE JAZZ,,,UNIQUE JAZZ
750,Folkways,FOLKWAYS,,,FOLKWAYS
751,Choice,CHOICE,,,CHOICE
752,2 13 61,2 13 61,,,2 13 61
753,51 West,51 WEST,,,51 WEST
754,52e Rue Est,52E RUE EST,,,52E RUE EST
755,AA Records,AA RECORDS,,,AA RECORDS
756,Accurate,ACCURATE,,,ACCURATE
757,Acta,ACTA,,,ACTA
758,Affinity,AFFINITY,,,AFFINITY
759,Aladdin,ALADDIN,,,ALADDIN
760,Aleph,ALEPH,,,ALEPH
761,Alice Musik Produktion,ALICE MUSIK PRODUKTION,,,ALICE MUSIK PRODUKTION
762,All Life,ALL LIFE,,,ALL LIFE
763,Alto,ALTO,,,ALTO
764,America,AMERICA,,,AMERICA
765,Andex,ANDEX,,,ANDEX
766,Apollo,APOLLO,,,APOLLO
767,Arc,ARC,,,ARC
768,Arista/Novus,ARISTA/NOVUS,,,ARISTA/NOVUS
769,ASC,ASC,,,ASC
770,Asian Improv,ASIAN IMPROV,,,ASIAN IMPROV
771,Audio Lab,AUDIO LAB,,,AUDIO LAB
772,AUM Fidelity,AUM FIDELITY,,,AUM FIDELITY
773,Ava,AVA,,,AVA
774,Avant,AVANT,,,AVANT
775,Bassic-Sound,BASSIC-SOUND,,,BASSIC-SOUND
776,Battle,BATTLE,,,BATTLE
777,Bead,BEAD,,,BEAD
778,Between The Lines,BETWEEN THE LINES,,,BETWEEN THE LINES
779,Black Jazz,BLACK JAZZ,,,BLACK JAZZ
780,Bleu Regard,BLEU REGARD,,,BLEU REGARD
781,Bloomdido,BLOOMDIDO,,,BLOOMDIDO
782,Blue Tower,BLUE TOWER,,,BLUE TOWER
783,Bosco,BOSCO,,,BOSCO
784,BOXmedia,BOXMEDIA,,,BOXMEDIA
785,Bruce's Fingers,BRUCES FINGERS,,,BRUCE'S FINGERS
786,CAICAI,CAICAI,,,CAICAI
787,Calig,CALIG,,,CALIG
788,Cameo,CAMEO,,,CAMEO
789,Carmo,CARMO,,,CARMO
790,Catalyst,CATALYST,,,CATALYST
791,CELP,CELP,,,CELP
792,Center Of The World,CENTER OF THE WORLD,,,CENTER OF THE WORLD
793,Challenge,CHALLENGE,,,CHALLENGE
794,Charter,CHARTER,,,CHARTER
795,Chronoscope,CHRONOSCOPE,,,CHRONOSCOPE
796,Circulasione Totale,CIRCULASIONE TOTALE,,,CIRCULASIONE TOTALE
797,Clean Cuts,CLEAN CUTS,,,CLEAN CUTS
798,Club 51,CLUB 51,,,CLUB 51
799,Concepts Of Doing,CONCEPTS OF DOING,,,CONCEPTS OF DOING
800,Confront,CONFRONT,,,CONFRONT
801,Contact,CONTACT,,,CONTACT
802,Cuneiform,CUNEIFORM,,,CUNEIFORM
803,DDQ,DDQ,,,DDQ
804,Dig,DIG,,,DIG
805,Disco Mate,DISCO MATE,,,DISCO MATE
806,Discus,DISCUS,,,DISCUS
807,Discwasher,DISCWASHER,,,DISCWASHER
808,East-West,EAST-WEST,,,EAST-WEST
809,Editions Nova/Musica Secreta,EDITIONS NOVA/MUSICA SECRETA,,,EDITIONS NOVA/MUSICA SECRETA
810,Empire,EMPIRE,,,EMPIRE
811,Enrica,ENRICA,,,ENRICA
812,Entropy Stereo,ENTROPY STEREO,,,ENTROPY STEREO
813,EPM,EPM,,,EPM
814,Fish Music,FISH MUSIC,,,FISH MUSIC
815,Fluid,FLUID,,,FLUID
816,Flyright,FLYRIGHT,,,FLYRIGHT
817,FMP,FMP,,,FMP
818,For 4 Ears,FOR 4 EARS,,,FOR 4 EARS
819,Free Bird,FREE BIRD,,,FREE BIRD
820,Fringes,FRINGES,,,FRINGES
821,Futura,FUTURA,,,FUTURA
822,Future Music Records,FUTURE MUSIC RECORDS,,,FUTURE MUSIC RECORDS
823,GeestGronden,GEESTGRONDEN,,,GEESTGRONDEN
824,Goody,GOODY,,,GOODY
825,Greenestreet,GREENESTREET,,,GREENESTREET
826,HiFi,HIFI,,,HIFI
827,High Note,HIGH NOTE,,,HIGH NOTE
828,Hot Club,HOT CLUB,,,HOT CLUB
829,Hybrid Music Productions,HYBRID MUSIC PRODUCTIONS,,,HYBRID MUSIC PRODUCTIONS
830,Hy-Tone,HY-TONE,,,HY-TONE
831,ICP,ICP,,,ICP
832,IDA,IDA,,,IDA
833,Imperial,IMPERIAL,,,IMPERIAL
834,In Situ,IN SITU,,,IN SITU
835,Intakt,INTAKT,,,INTAKT
836,Intro,INTRO,,,INTRO
837,Japo,JAPO,,,JAPO
838,Jaro,JARO,,,JARO
839,Jazzcraft,JAZZCRAFT,,,JAZZCRAFT
840,JazzHausMusik,JAZZHAUSMUSIK,,,JAZZHAUSMUSIK
841,Jazz: West,JAZZ: WEST,,,JAZZ: WEST
842,JHM,JHM,,,JHM
843,JMY,JMY,,,JMY
844,Josie,JOSIE,,,JOSIE
845,Kudu,KUDU,,,KUDU
846,Label Bleu,LABEL BLEU,,,LABEL BLEU
847,La Collecio Del Taller,LA COLLECIO DEL TALLER,,,LA COLLECIO DEL TALLER
848,Laurie,LAURIE,,,LAURIE
849,Le Jazz,LE JAZZ,,,LE JAZZ
850,Leo,LEO,,,LEO
851,Level Green,LEVEL GREEN,,,LEVEL GREEN
852,Limited Sedition,LIMITED SEDITION,,,LIMITED SEDITION
853,Lion,LION,,,LION
854,Marge,MARGE,,,MARGE
855,Mash,MASH,,,MASH
856,Masters Of Jazz,MASTERS OF JAZZ,,,MASTERS OF JAZZ
857,Matchless,MATCHLESS,,,MATCHLESS
858,Maya,MAYA,,,MAYA
859,Meantime,MEANTIME,,,MEANTIME
860,Meniscus,MENISCUS,,,MENISCUS
861,Metronome/CTI,METRONOME/CTI,,,METRONOME/CTI
862,Miracle,MIRACLE,,,MIRACLE
863,Mode,MODE,,,MODE
864,Modern,MODERN,,,MODERN
865,Mole,MOLE,,,MOLE
866,Monkey,MONKEY,,,MONKEY
867,Music And Arts,MUSIC AND ARTS,,,MUSIC AND ARTS
868,Mustevic,MUSTEVIC,,,MUSTEVIC
869,Mycophile,MYCOPHILE,,,MYCOPHILE
870,Nato,NATO,,,NATO
871,Nemperor,NEMPEROR,,,NEMPEROR
872,Nessa,NESSA,,,NESSA
873,New Artists,NEW ARTISTS,,,NEW ARTISTS
874,Nine Winds,NINE WINDS,,,NINE WINDS
875,Ninth World Music,NINTH WORLD MUSIC,,,NINTH WORLD MUSIC
876,Nippon Columbia,NIPPON COLUMBIA,,,NIPPON COLUMBIA
877,No More,NO MORE,,,NO MORE
878,Nowjazz/Ramwong,NOWJAZZ/RAMWONG,,,NOWJAZZ/RAMWONG
879,Nuscope,NUSCOPE,,,NUSCOPE
880,Ogun,OGUN,,,OGUN
881,OkkaDisk,OKKADISK,,,OKKADISK
882,Old Swing-Master,OLD SWING-MASTER,,,OLD SWING-MASTER
883,Omni Sonic,OMNI SONIC,,,OMNI SONIC
884,Organ Of Corti,ORGAN OF CORTI,,,ORGAN OF CORTI
885,Parrot,PARROT,,,PARROT
886,Peacock,PEACOCK,,,PEACOCK
887,Philly Jazz,PHILLY JAZZ,,,PHILLY JAZZ
888,Plag Dich Nicht,PLAG DICH NICHT,,,PLAG DICH NICHT
889,Plainisphare,PLAINISPHARE,,,PLAINISPHARE
890,Postcards,POSTCARDS,,,POSTCARDS
891,Potlatch,POTLATCH,,,POTLATCH
892,Po Torch,PO TORCH,,,PO TORCH
893,Quinnah,QUINNAH,,,QUINNAH
894,Rama,RAMA,,,RAMA
895,Random Acoustics,RANDOM ACOUSTICS,,,RANDOM ACOUSTICS
896,Rare Music,RARE MUSIC,,,RARE MUSIC
897,Rastascan,RASTASCAN,,,RASTASCAN
898,Rectangle,RECTANGLE,,,RECTANGLE
899,Repertoire,REPERTOIRE,,,REPERTOIRE
900,Revelation,REVELATION,,,REVELATION
901,Rhumboogie,RHUMBOOGIE,,,RHUMBOOGIE
902,SAJ,SAJ,,,SAJ
903,Salvation,SALVATION,,,SALVATION
904,Scatter,SCATTER,,,SCATTER
905,Scepter,SCEPTER,,,SCEPTER
906,Score,SCORE,,,SCORE
907,Screwgun,SCREWGUN,,,SCREWGUN
908,Shandar,SHANDAR,,,SHANDAR
909,Shock,SHOCK,,,SHOCK
910,Silkheart,SILKHEART,,,SILKHEART
911,Skye,SKYE,,,SKYE
912,SLAM,SLAM,,,SLAM
913,Songlines,SONGLINES,,,SONGLINES
914,Sonore,SONORE,,,SONORE
915,Sound Aspects,SOUND ASPECTS,,,SOUND ASPECTS
916,Specialty,SPECIALTY,,,SPECIALTY
917,Stereo [Contemporary],STEREO CONTEMPORARY,,,STEREO [CONTEMPORARY]
918,Stretch,STRETCH,,,STRETCH
919,Sublingual,SUBLINGUAL,,,SUBLINGUAL
920,Sue,SUE,,,SUE
921,Sun,SUN,,,SUN
922,Sunbeam,SUNBEAM,,,SUNBEAM
923,Sunset,SUNSET,,,SUNSET
924,Survival,SURVIVAL,,,SURVIVAL
925,Tact,TACT,,,TACT
926,Tampa,TAMPA,,,TAMPA
927,Tautology,TAUTOLOGY,,,TAUTOLOGY
928,Theron,THERON,,,THERON
929,Top Rank,TOP RANK,,,TOP RANK
930,Tru-Sound,TRU-SOUND,,,TRU-SOUND
931,Tutu,TUTU,,,TUTU
932,Uhlklang,UHLKLANG,,,UHLKLANG
933,Atavistic,ATAVISTIC,,,ATAVISTIC
934,Unit,UNIT,,,UNIT
935,Vand'Ouevre,VANDOUEVRE,,,VAND'OUEVRE
936,VGM,VGM,,,VGM
937,Victo,VICTO,,,VICTO
938,Vitacoustic,VITACOUSTIC,,,VITACOUSTIC
939,VSOP,VSOP,,,VSOP
940,Warwick,WARWICK,,,WARWICK
941,Waterland,WATERLAND,,,WATERLAND
942,WIM,WIM,,,WIM
943,Wobbly Rail,WOBBLY RAIL,,,WOBBLY RAIL
944,Workshop Jazz,WORKSHOP JAZZ,,,WORKSHOP JAZZ
945,Breadloaf Music,BREADLOAF MUSIC,,,BREADLOAF MUSIC
946,LoneHill Jazz,LONEHILL JAZZ,,,LONEHILL JAZZ
947,CAAMO,CAAMO,,,CAAMO
948,Ki-Ki,KI-KI,,,KI-KI
949,Stork,STORK,,,STORK
950,Image Entertainment,IMAGE ENTERTAINMENT,,,IMAGE ENTERTAINMENT
951,Leafage Jazz Pony Canyon,LEAFAGE JAZZ PONY CANYON,J,,LEAFAGE JAZZ PONY CANYON
952,Melodisc,MELODISC,E,,MELODISC
953,Columbia/Lansdowne,COLUMBIA/LANSDOWNE,E,,COLUMBIA/LANSDOWNE
954,Downtown Sound,DOWNTOWN SOUND,,,DOWNTOWN SOUND
955,Doria,DORIA,,,DORIA
956,New World,NEW WORLD,,,NEW WORLD
957,Jazz City,JAZZ CITY,Ja,,JAZZ CITY
958,Devil Moon,DEVIL MOON,,,DEVIL MOON
959,Sutra,SUTRA,,,SUTRA
960,Xtra Watt,XTRA WATT,,,XTRA WATT
961,Crippled Dick Hot Wax,CRIPPLED DICK HOT WAX,G,,CRIPPLED DICK HOT WAX
962,ArtistShare,ARTISTSHARE,,,ARTISTSHARE
963,1750 Arch,1750 ARCH,,,1750 ARCH
964,20th Century Fox,20TH CENTURY FOX,,,20TH CENTURY FOX
965,360,360,,,360
966,Access,ACCESS,,,ACCESS
967,Ace Of Clubs,ACE OF CLUBS,,,ACE OF CLUBS
968,American Clave,AMERICAN CLAVE,,,AMERICAN CLAVE
969,Americatone,AMERICATONE,,,AMERICATONE
970,Amherst,AMHERST,,,AMHERST
971,Amigo,AMIGO,Swe,,AMIGO
972,Ampex,AMPEX,,,AMPEX
973,Amulet,AMULET,,,AMULET
974,Andrew's Music,ANDREWS MUSIC,,,ANDREW'S MUSIC
975,Apple,APPLE,,,APPLE
976,Ascent,ASCENT,,,ASCENT
977,Astor Place,ASTOR PLACE,,,ASTOR PLACE
978,Atmosphere,ATMOSPHERE,,,ATMOSPHERE
979,Bet-Car Productions,BET-CAR PRODUCTIONS,,,BET-CAR PRODUCTIONS
980,Biograph,BIOGRAPH,,,BIOGRAPH
981,Black & Blue,BLACK & BLUE,,,BLACK & BLUE
982,Blast First,BLAST FIRST,,,BLAST FIRST
983,Blue Heron,BLUE HERON,,,BLUE HERON
984,Blue Star,BLUE STAR,,,BLUE STAR
985,Bluejay,BLUEJAY,,,BLUEJAY
986,Bluesway,BLUESWAY,,,BLUESWAY
987,Cadillac,CADILLAC,,,CADILLAC
988,Caprice,CAPRICE,,,CAPRICE
989,Caravan Of Dreams,CARAVAN OF DREAMS,,,CARAVAN OF DREAMS
990,Charisma,CHARISMA,,,CHARISMA
991,Chazzer,CHAZZER,,,CHAZZER
992,Chrysalis,CHRYSALIS,,,CHRYSALIS
993,Clef,CLEF,,,CLEF
994,Cleo,CLEO,,,CLEO
995,CMP,CMP,,,CMP
996,Compose,COMPOSE,,,COMPOSE
997,Continuum,CONTINUUM,,,CONTINUUM
998,Coppens,COPPENS,,,COPPENS
999,Creative World,CREATIVE WORLD,,,CREATIVE WORLD
1000,Daybreak,DAYBREAK,,,DAYBREAK
1001,Deram,DERAM,,,DERAM
1002,Dharma,DHARMA,,,DHARMA
1003,Disconforme,DISCONFORME,,,DISCONFORME
1004,Diva,DIVA,,,DIVA
1005,Doctor Jazz,DOCTOR JAZZ,,,DOCTOR JAZZ
1006,Dooto,DOOTO,,,DOOTO
1007,Dreams,DREAMS,,,DREAMS
1008,Dreamstreet,DREAMSTREET,,,DREAMSTREET
1009,Early Bird,EARLY BIRD,,,EARLY BIRD
1010,Avant Garde,AVANT GARDE,,,AVANT GARDE
1011,IPO,IPO,,,IPO
1012,Daagnim,DAAGNIM,,,DAAGNIM
1013,"\X\""""",X,,,"\X\"""""
1014,Water,WATER,,,WATER
1015,Empathy,EMPATHY,Jap,,EMPATHY
1016,Inmus,INMUS,,,INMUS
1017,GRP/Decca,GRP/DECCA,,,GRP/DECCA
1018,Seta,SETA,,,SETA
1019,Whatdisc,WHATDISC,,,WHATDISC
1020,Saef,SAEF,,,SAEF
1021,Discophon,DISCOPHON,Sp,,DISCOPHON
1022,Concentric,CONCENTRIC,Sp,,CONCENTRIC
1023,Pam,PAM,,,PAM
1024,Cat,CAT,Ne,,CAT
1025,DiscMedi,DISCMEDI,Sp,,DISCMEDI
1026,Timeless/Muse,TIMELESS/MUSE,,,TIMELESS/MUSE
1027,Red Bird,RED BIRD,,,RED BIRD
1028,Ensayo,ENSAYO,Sp,,ENSAYO
1029,Saba,SABA,,,SABA
1030,Justine,JUSTINE,Sp,,JUSTINE
1031,Melopea,MELOPEA,Arg.,,MELOPEA
1032,Zeleste-Edigsa,ZELESTE-EDIGSA,Sp,,ZELESTE-EDIGSA
1033,Nuevos Medios,NUEVOS MEDIOS,Sp,,NUEVOS MEDIOS
1034,Mas i Mas,MAS I MAS,Sp,,MAS I MAS
1035,Edigsa,EDIGSA,Sp,,EDIGSA
1036,Hot House,HOT HOUSE,Ne,,HOT HOUSE
1037,Zafiro,ZAFIRO,Sp,,ZAFIRO
1038,PDI,PDI,,,PDI
1039,Helix,HELIX,,,HELIX
1040,RTVE M£sica,RTVE M?SICA,Sp,,RTVE M?SICA
1041,Jazzizz,JAZZIZZ,,,JAZZIZZ
1042,MCA/Chess,MCA/CHESS,,,MCA/CHESS
1043,Warner Pioneer,WARNER PIONEER,Ja,,WARNER PIONEER
1044,K-Industria Cultural,K-INDUSTRIA CULTURAL,,,K-INDUSTRIA CULTURAL
1045,Telefunken,TELEFUNKEN,G,,TELEFUNKEN
1046,SRP Discos,SRP DISCOS,Sp,,SRP DISCOS
1047,Odeon,ODEON,,,ODEON
1048,Adlon,ADLON,Dan.,,ADLON
1049,One Way Records,ONE WAY RECORDS,,,ONE WAY RECORDS
1050,Ambassador,AMBASSADOR,,,AMBASSADOR
1051,CBC Records,CBC RECORDS,Can.,,CBC RECORDS
1052,Keynote,KEYNOTE,,,KEYNOTE
1053,ProJazz,PROJAZZ,,,PROJAZZ
1054,Jazz Bird,JAZZ BIRD,,,JAZZ BIRD
1055,Trip,TRIP,,,TRIP
1056,Lotus,LOTUS,It.,,LOTUS
1057,Who's Who In Jazz,WHOS WHO IN JAZZ,,,WHO'S WHO IN JAZZ
1058,Flat & Sharp,FLAT & SHARP,,,FLAT & SHARP
1059,Drums,DRUMS,,,DRUMS
1060,BMG/Ariola,BMG/ARIOLA,,,BMG/ARIOLA
1061,Strauss,STRAUSS,,,STRAUSS
1062,Palcoscenio,PALCOSCENIO,It.,,PALCOSCENIO
1063,Jamboree,JAMBOREE,,,JAMBOREE
1064,EMI-Manhattan,EMI-MANHATTAN,,,EMI-MANHATTAN
1065,Jazz & Jazz Video Collection,JAZZ & JAZZ VIDEO COLLECTION,,,JAZZ & JAZZ VIDEO COLLECTION
1066,Kultur,KULTUR,,,KULTUR
1067,Taller De Musics,TALLER DE MUSICS,Sp.,,TALLER DE MUSICS
1068,Jazz Stop,JAZZ STOP,,,JAZZ STOP
1069,Dee Gee,DEE GEE,,,DEE GEE
1070,Quantum Leap,QUANTUM LEAP,,,QUANTUM LEAP
1071,Tokuma,TOKUMA,Jap.,,TOKUMA
1072,La Belle Creole,LA BELLE CREOLE,,,LA BELLE CREOLE
1073,Phoenix,PHOENIX,,,PHOENIX
1074,Phoenix10,PHOENIX10,,,PHOENIX10
1075,Barnaby,BARNABY,,,BARNABY
1076,Triloka,TRILOKA,,,TRILOKA
1077,Ayler Records,AYLER RECORDS,,,AYLER RECORDS
1078,ITI,ITI,,,ITI
1079,Polonia,POLONIA,Pol.,,POLONIA
1080,Palmetto,PALMETTO,,,PALMETTO
1081,R.J.E./P.J. Records,RJE/PJ RECORDS,,,R.J.E./P.J. RECORDS
1082,Ruba Music,RUBA MUSIC,,,RUBA MUSIC
1083,Jazz Friends Productions,JAZZ FRIENDS PRODUCTIONS,,,JAZZ FRIENDS PRODUCTIONS
1084,Stunt,STUNT,,,STUNT
1085,Nettle,NETTLE,It.,,NETTLE
1086,Trio,TRIO,Jap.,,TRIO
1087,Columna M£sica,COLUMNA M?SICA,,,COLUMNA M?SICA
1088,SeguÇ,SEGUê,,,SEGUê
1089,Probe,PROBE,,,PROBE
1090,Applause,APPLAUSE,,,APPLAUSE
1091,Amiga,AMIGA,Ger,,AMIGA
1092,Jazz Mark,JAZZ MARK,,,JAZZ MARK
1093,Hi-Lo,HI-LO,,,HI-LO
1094,Gatemouth,GATEMOUTH,,,GATEMOUTH
1095,Monad,MONAD,,,MONAD
1096,Definitive,DEFINITIVE,,,DEFINITIVE
1097,Campi,CAMPI,,,CAMPI
1098,Carrot Top,CARROT TOP,,,CARROT TOP
1099,Carthage,CARTHAGE,,,CARTHAGE
1100,Celluloid,CELLULOID,,,CELLULOID
1101,Dan,DAN,,,DAN
1102,Dark Orchid,DARK ORCHID,,,DARK ORCHID
1103,Delta,DELTA,,,DELTA
1104,Egg,EGG,,,EGG
1105,Ahead,AHEAD,Fr.,,AHEAD
1106,Time Wind,TIME WIND,,,TIME WIND
1107,Jazz View,JAZZ VIEW,,,JAZZ VIEW
1108,Crescent,CRESCENT,,,CRESCENT
1109,Regent,REGENT,,,REGENT
1110,Finite,FINITE,,,FINITE
1111,Smash,SMASH,,,SMASH
1112,Jazz Up,JAZZ UP,,,JAZZ UP
1113,Glad Hamp,GLAD HAMP,,,GLAD HAMP
1114,FM,FM,,,FM
1115,Kingdom Jazz,KINGDOM JAZZ,Eng.,,KINGDOM JAZZ
1116,Pi Recordings,PI RECORDINGS,,,PI RECORDINGS
1117,Ducretet-Thompson,DUCRETET-THOMPSON,,,DUCRETET-THOMPSON
1118,Hi-Fly,HI-FLY,,,HI-FLY
1119,Elec Records Co. Ltd.,ELEC RECORDS CO LTD,Jap.,,ELEC RECORDS CO. LTD.
1120,Test Of Time Records,TEST OF TIME RECORDS,,,TEST OF TIME RECORDS
1121,Unidisc,UNIDISC,,,UNIDISC
1123,Music Club,MUSIC CLUB,Eng.,,MUSIC CLUB
1124,South Ocean Music,SOUTH OCEAN MUSIC,,,SOUTH OCEAN MUSIC
1125,RealTime,REALTIME,,,REALTIME
1126,Elektra Masters,ELEKTRA MASTERS,,,ELEKTRA MASTERS
1127,Jazz Reactivation,JAZZ REACTIVATION,Eng.,,JAZZ REACTIVATION
1128,Mills Music,MILLS MUSIC,,,MILLS MUSIC
1129,"Unicorn Video, Inc.",UNICORN VIDEO INC,,,"UNICORN VIDEO, INC."
1130,Luv 'n Haight,LUV N HAIGHT,,,LUV 'N HAIGHT
1131,SociÇtÇ Franáaise de Productions Phonographiques,SOCIêTê FRANÄAISE DE PRODUCTIONS PHONOGRAPHIQUES,Fr.,,SOCIêTê FRANÄAISE DE PRODUCTIONS PHONOGRAPHIQUES
1132,Cullen Knight Music,CULLEN KNIGHT MUSIC,,,CULLEN KNIGHT MUSIC
1133,Tik,TIK,,,TIK
1134,Signature,SIGNATURE,,,SIGNATURE
1135,Mighty Quinn,MIGHTY QUINN,,,MIGHTY QUINN
1136,Studio 4,STUDIO 4,,,STUDIO 4
1137,Igloo,IGLOO,,,IGLOO
1138,Croscrane,CROSCRANE,,,CROSCRANE
1139,The Family Company,FAMILY COMPANY,,,THE FAMILY COMPANY
1140,Ironic,IRONIC,,,IRONIC
1141,[no label],NO LABEL,,,[NO LABEL]
1142,Munich,MUNICH,,,MUNICH
1143,Heavy Soul Music,HEAVY SOUL MUSIC,Ne.,,HEAVY SOUL MUSIC
1144,Toshiba/Bethlehem,TOSHIBA/BETHLEHEM,Jap.,,TOSHIBA/BETHLEHEM
1145,Harry Lim,HARRY LIM,,,HARRY LIM
1146,Prestige/Swingville,PRESTIGE/SWINGVILLE,,,PRESTIGE/SWINGVILLE
1147,Birdland,BIRDLAND,,,BIRDLAND
1148,Skip,SKIP,,,SKIP
1149,MCA Victor,MCA VICTOR,Jap.,,MCA VICTOR
1150,Oxford,OXFORD,,,OXFORD
1151,Cambridge,CAMBRIDGE,,,CAMBRIDGE
1152,Finnadar,FINNADAR,,,FINNADAR
1153,Nocturne [ii],NOCTURNE II,,,NOCTURNE [II]
1154,Everest,EVEREST,,,EVEREST
1155,Piccadilly,PICCADILLY,,,PICCADILLY
1156,Quintessence Jazz,QUINTESSENCE JAZZ,,,QUINTESSENCE JAZZ
1157,Contempo Vibrato,CONTEMPO VIBRATO,It.,,CONTEMPO VIBRATO
1158,Estee Recordings,ESTEE RECORDINGS,,,ESTEE RECORDINGS
1159,Expansion,EXPANSION,Eng.,,EXPANSION
1160,The Jeremiah Robinson Company,JEREMIAH ROBINSON COMPANY,,,THE JEREMIAH ROBINSON COMPANY
1161,Rizzoli,RIZZOLI,,,RIZZOLI
1162,[no known recording],NO KNOWN RECORDING,,,[NO KNOWN RECORDING]
1163,U.S. Embassy,US EMBASSY,,,U.S. EMBASSY
1164,Cabaret Records,CABARET RECORDS,,,CABARET RECORDS
1165,SF Jazz Records,SF JAZZ RECORDS,,,SF JAZZ RECORDS
1166,Prescription,PRESCRIPTION,,,PRESCRIPTION
1167,NewTone,NEWTONE,,,NEWTONE
1168,Musica,MUSICA,,,MUSICA
1169,Nags Head,NAGS HEAD,,,NAGS HEAD
1170,Blue Labor,BLUE LABOR,,,BLUE LABOR
1171,FDB,FDB,,,FDB
1172,Tangerine,TANGERINE,,,TANGERINE
1173,"Polystar Co., Ltd.",POLYSTAR CO LTD,,,"POLYSTAR CO., LTD."
1174,Rock & Groove,ROCK & GROOVE,,,ROCK & GROOVE
1175,Toshiba-EMI,TOSHIBA-EMI,,,TOSHIBA-EMI
1176,"P.M. Records, Inc.",PM RECORDS INC,,,"P.M. RECORDS, INC."
1177,Sony,SONY,,,SONY
1178,FS World Jazz,FS WORLD JAZZ,,,FS WORLD JAZZ
1179,Golden Crest,GOLDEN CREST,,,GOLDEN CREST
1180,Janika Musik,JANIKA MUSIK,,,JANIKA MUSIK
1181,Igmod,IGMOD,,,IGMOD
1182,Imaginary Records,IMAGINARY RECORDS,,,IMAGINARY RECORDS
1183,Vocal Visions,VOCAL VISIONS,,,VOCAL VISIONS
1184,Harvest,HARVEST,,,HARVEST
1185,Pullen Music,PULLEN MUSIC,,,PULLEN MUSIC
1186,Fable,FABLE,,,FABLE
1187,Bebob,BEBOB,,,BEBOB
1188,DIW/Columbia,DIW/COLUMBIA,,,DIW/COLUMBIA
1189,Tomel,TOMEL,,,TOMEL
1190,September,SEPTEMBER,,,SEPTEMBER
1191,Nuba,NUBA,,,NUBA
1192,Abeat Records,ABEAT RECORDS,,,ABEAT RECORDS
1193,Vega,VEGA,,,VEGA
1194,Oh Boy,OH BOY,,,OH BOY
1195,"Koinuma Music Co., Ltd.",KOINUMA MUSIC CO LTD,Ja.,,"KOINUMA MUSIC CO., LTD."
1196,Tempo,TEMPO,Eng.,,TEMPO
1197,Mace,MACE,,,MACE
1198,Stereophile,STEREOPHILE,,,STEREOPHILE
1199,Savant,SAVANT,,,SAVANT
1200,Nilva,NILVA,,,NILVA
1201,Proscenium,PROSCENIUM,,,PROSCENIUM
1202,Long Hair Music,LONG HAIR MUSIC,,,LONG HAIR MUSIC
1203,Salsoul,SALSOUL,,,SALSOUL
1204,Marlin,MARLIN,,,MARLIN
1205,Recycled Notes,RECYCLED NOTES,,,RECYCLED NOTES
1206,Gerard,GERARD,,,GERARD
1207,Verve/Forecast,VERVE/FORECAST,,,VERVE/FORECAST
1208,Camden,CAMDEN,,,CAMDEN
1209,VPRO,VPRO,,,VPRO
1210,University Of Texas,UNIVERSITY OF TEXAS,,,UNIVERSITY OF TEXAS
1211,New England Conservatory,NEW ENGLAND CONSERVATORY,,,NEW ENGLAND CONSERVATORY
1212,Channel Crossings,CHANNEL CROSSINGS,,,CHANNEL CROSSINGS
1213,Just Jazz,JUST JAZZ,,,JUST JAZZ
1214,Steam,STEAM,,,STEAM
1215,Tollie,TOLLIE,,,TOLLIE
1216,Moira,MOIRA,,,MOIRA
1217,Westbound,WESTBOUND,,,WESTBOUND
1218,Aware,AWARE,,,AWARE
1219,Southbound,SOUTHBOUND,,,SOUTHBOUND
1220,Sirocco Jazz,SIROCCO JAZZ,,,SIROCCO JAZZ
1221,EfVee,EFVEE,,,EFVEE
1222,"Special Olympics International, Inc.",SPECIAL OLYMPICS INTERNATIONAL INC,,,"SPECIAL OLYMPICS INTERNATIONAL, INC."
1223,Coronet Recording Co.,CORONET RECORDING CO,,,CORONET RECORDING CO.
1224,Lucas-McFall Jingle House,LUCAS-MCFALL JINGLE HOUSE,,,LUCAS-MCFALL JINGLE HOUSE
1225,Columbia/Interface,COLUMBIA/INTERFACE,Jap.,,COLUMBIA/INTERFACE
1226,Exclusive,EXCLUSIVE,,,EXCLUSIVE
1227,Severn Records,SEVERN RECORDS,,,SEVERN RECORDS
1228,Morningside Music,MORNINGSIDE MUSIC,,,MORNINGSIDE MUSIC
1229,Sittin' In With,SITTIN IN WITH,,,SITTIN' IN WITH
1230,Norma,NORMA,,,NORMA
1231,Aamco,AAMCO,,,AAMCO
1232,Ken Music,KEN MUSIC,,,KEN MUSIC
1233,Square Discs,SQUARE DISCS,,,SQUARE DISCS
1234,Cellar Live,CELLAR LIVE,,,CELLAR LIVE
1235,Trident,TRIDENT,,,TRIDENT
1236,Laurel Hill Records,LAUREL HILL RECORDS,,,LAUREL HILL RECORDS
1237,Harmolodic,HARMOLODIC,,,HARMOLODIC
1238,Birdology,BIRDOLOGY,,,BIRDOLOGY
1239,Ad-Lib,AD-LIB,,,AD-LIB
1240,QED,QED,,,QED
1241,Leggio,LEGGIO,,,LEGGIO
1242,Marmalade,MARMALADE,,,MARMALADE
1243,Pye,PYE,,,PYE
1244,Fuel 2000,FUEL 2000,,,FUEL 2000
1245,Relativity,RELATIVITY,,,RELATIVITY
1246,Alleycat Productions,ALLEYCAT PRODUCTIONS,,,ALLEYCAT PRODUCTIONS
1247,Blue Jack Jazz Records,BLUE JACK JAZZ RECORDS,,,BLUE JACK JAZZ RECORDS
1248,Escapade,ESCAPADE,,,ESCAPADE
1249,Glass House,GLASS HOUSE,Jap.,,GLASS HOUSE
1250,J's Way,JS WAY,,,J'S WAY
1251,Omix,OMIX,Sp.,,OMIX
1252,Blue Toucan Music,BLUE TOUCAN MUSIC,,,BLUE TOUCAN MUSIC
1253,Modern Music,MODERN MUSIC,Swe.,,MODERN MUSIC
1254,Thelonious Records,THELONIOUS RECORDS,,,THELONIOUS RECORDS
1255,Mexisonor,MEXISONOR,,,MEXISONOR
1256,Pasquale Music,PASQUALE MUSIC,,,PASQUALE MUSIC
1257,Beat Goes Public,BEAT GOES PUBLIC,,,BEAT GOES PUBLIC
1258,MaxJazz,MAXJAZZ,,,MAXJAZZ
1259,Bang & Olufsen,BANG & OLUFSEN,,,BANG & OLUFSEN
1260,Omnitone,OMNITONE,,,OMNITONE
1261,Duke University Jazz,DUKE UNIVERSITY JAZZ,,,DUKE UNIVERSITY JAZZ
1262,Big World,BIG WORLD,,,BIG WORLD
1263,Tax,TAX,,,TAX
1264,Extreme Rarities,EXTREME RARITIES,,,EXTREME RARITIES
1265,Arhoolie,ARHOOLIE,,,ARHOOLIE
1266,Arpeggio,ARPEGGIO,,,ARPEGGIO
1267,Dixieland Jubilee,DIXIELAND JUBILEE,,,DIXIELAND JUBILEE
1268,Cav-a-bob,CAV-A-BOB,,,CAV-A-BOB
1269,Blackbird,BLACKBIRD,,,BLACKBIRD
1270,Blue Angel,BLUE ANGEL,,,BLUE ANGEL
1271,Euphonic,EUPHONIC,,,EUPHONIC
1272,Jansco,JANSCO,,,JANSCO
1273,Jazz Treasury,JAZZ TREASURY,,,JAZZ TREASURY
1274,Valon,VALON,,,VALON
1275,Vault,VAULT,,,VAULT
1276,Scroll,SCROLL,,,SCROLL
1277,Oro,ORO,,,ORO
1278,Master Jazz,MASTER JAZZ,,,MASTER JAZZ
1279,Turtle,TURTLE,,,TURTLE
1280,Seeds,SEEDS,,,SEEDS
1281,Archives Of Jazz,ARCHIVES OF JAZZ,,,ARCHIVES OF JAZZ
1282,Jazz Masters,JAZZ MASTERS,,,JAZZ MASTERS
1283,Kabell,KABELL,,,KABELL
1285,Deuces Wild,DEUCES WILD,,,DEUCES WILD
1286,Think,THINK,Jap.,,THINK
1287,Excellence,EXCELLENCE,,,EXCELLENCE
1288,Dante Record Co.,DANTE RECORD CO,,,DANTE RECORD CO.
1289,Anzic,ANZIC,,,ANZIC
1290,Aspen,ASPEN,,,ASPEN
1291,Fresh Sound New Talent,FRESH SOUND NEW TALENT,,,FRESH SOUND NEW TALENT
1292,Metropolitan Records,METROPOLITAN RECORDS,,,METROPOLITAN RECORDS
1293,MTA Records,MTA RECORDS,,,MTA RECORDS
1294,Bakton Records,BAKTON RECORDS,,,BAKTON RECORDS
1295,JazzNewYork Productions,JAZZNEWYORK PRODUCTIONS,,,JAZZNEWYORK PRODUCTIONS
1296,Splasc(h),SPLASCH,,,SPLASC(H)
1297,Pure Pleasure,PURE PLEASURE,,,PURE PLEASURE
1298,Ace,ACE,UK,,ACE
1299,Rev-Ola,REV-OLA,UK,,REV-OLA
1300,Indigo,INDIGO,UK,,INDIGO
1301,JSP,JSP,UK,,JSP
1302,H. R. S.,H R S,,,H. R. S.
1303,Ruval,RUVAL,,,RUVAL
1304,Divine,DIVINE,,,DIVINE
1305,Passport Audio,PASSPORT AUDIO,,,PASSPORT AUDIO
1306,Antilles/New Directions,ANTILLES/NEW DIRECTIONS,,,ANTILLES/NEW DIRECTIONS
1307,Nemu Records,NEMU RECORDS,,,NEMU RECORDS
1309,Jazz Child,JAZZ CHILD,,,JAZZ CHILD
1310,Neatwork,NEATWORK,Austr,,NEATWORK
1311,Beat Goes On,BEAT GOES ON,,,BEAT GOES ON
1312,Hank Russell Music,HANK RUSSELL MUSIC,,,HANK RUSSELL MUSIC
1313,Harkit,HARKIT,,,HARKIT
1314,Smalls,SMALLS,,,SMALLS
1315,Secret Sun,SECRET SUN,,,SECRET SUN
1316,Southport,SOUTHPORT,,,SOUTHPORT
1317,Mainstem,MAINSTEM,,,MAINSTEM
1318,Village Life,VILLAGE LIFE,,,VILLAGE LIFE
1319,Dutton Vocalion,DUTTON VOCALION,,,DUTTON VOCALION
1320,Hip Bop,HIP BOP,,,HIP BOP
1321,Jazzz,JAZZZ,,,JAZZZ
1322,World Broadcasting System,WORLD BROADCASTING SYSTEM,,,WORLD BROADCASTING SYSTEM
1324,Jazz Key,JAZZ KEY,,,JAZZ KEY
1325,JazzBridge,JAZZBRIDGE,,,JAZZBRIDGE
1326,Quartet,QUARTET,,,QUARTET
1327,Night Music Productions,NIGHT MUSIC PRODUCTIONS,,,NIGHT MUSIC PRODUCTIONS
1328,Arbors Jazz,ARBORS JAZZ,,,ARBORS JAZZ
1329,Love & Smiles Music,LOVE & SMILES MUSIC,,,LOVE & SMILES MUSIC
1330,Shandi,SHANDI,,,SHANDI
1331,Switch,SWITCH,Eng.,,SWITCH
1332,Boptism Music Co.,BOPTISM MUSIC CO,,,BOPTISM MUSIC CO.
1333,Montreux/Detroit Records,MONTREUX/DETROIT RECORDS,,,MONTREUX/DETROIT RECORDS
1334,Im-Hotep,IM-HOTEP,,,IM-HOTEP
1335,GWB,GWB,,,GWB
1336,Serenus,SERENUS,,,SERENUS
1337,Brilliant Jazz,BRILLIANT JAZZ,,,BRILLIANT JAZZ
1338,...And More Bears,AND MORE BEARS,Ger.,,...AND MORE BEARS
1340,Mirwood,MIRWOOD,,,MIRWOOD
1341,Atelier Sawano,ATELIER SAWANO,Jap.,,ATELIER SAWANO
1342,Estate Record Co.,ESTATE RECORD CO,,,ESTATE RECORD CO.
1343,Rainbow,RAINBOW,,,RAINBOW
1344,Cubop,CUBOP,,,CUBOP
1345,Nigram,NIGRAM,Du.,,NIGRAM
1346,Jazz Greats,JAZZ GREATS,,,JAZZ GREATS
1347,Retrieval,RETRIEVAL,,,RETRIEVAL
1348,Gig,GIG,,,GIG
1349,MDM Productions,MDM PRODUCTIONS,,,MDM PRODUCTIONS
1350,Sea Change,SEA CHANGE,,,SEA CHANGE
1351,Jazz Excursion,JAZZ EXCURSION,,,JAZZ EXCURSION
1352,Naim,NAIM,,,NAIM
1353,Alsut,ALSUT,,,ALSUT
1354,CjR,CJR,,,CJR
1355,Deep Listening,DEEP LISTENING,,,DEEP LISTENING
1356,Eighth Day,EIGHTH DAY,,,EIGHTH DAY
1357,Boxholder,BOXHOLDER,,,BOXHOLDER
1358,Usine,USINE,,,USINE
1359,Recorded,RECORDED,,,RECORDED
1360,Abstract Music,ABSTRACT MUSIC,,,ABSTRACT MUSIC
1361,Roaratorio,ROARATORIO,,,ROARATORIO
1362,Jazz Archives,JAZZ ARCHIVES,,,JAZZ ARCHIVES
1363,DeLuxe,DELUXE,,,DELUXE
1364,Swingtime,SWINGTIME,,,SWINGTIME
1366,Trans World,TRANS WORLD,,,TRANS WORLD
1367,EMI Columbia,EMI COLUMBIA,Eng.,,EMI COLUMBIA
1368,RGB,RGB,,,RGB
1369,JazzKey Music,JAZZKEY MUSIC,,,JAZZKEY MUSIC
1370,Membran,MEMBRAN,Ger.,,MEMBRAN
1371,DJM,DJM,Eng.,,DJM
1372,Top Jazz,TOP JAZZ,It.,,TOP JAZZ
1373,Audio Daddio,AUDIO DADDIO,,,AUDIO DADDIO
1374,JMA,JMA,,,JMA
1375,Double Image,DOUBLE IMAGE,,,DOUBLE IMAGE
1376,Celestial Harmonies,CELESTIAL HARMONIES,,,CELESTIAL HARMONIES
1377,Scantalia Productions,SCANTALIA PRODUCTIONS,,,SCANTALIA PRODUCTIONS
1378,Episode,EPISODE,,,EPISODE
1379,Kharma,KHARMA,,,KHARMA
1380,Ruddy Duck,RUDDY DUCK,,,RUDDY DUCK
1381,Get Back,GET BACK,,,GET BACK
1382,Snapper,SNAPPER,Eng.,,SNAPPER
1383,Chicago Lakeside Jazz,CHICAGO LAKESIDE JAZZ,,,CHICAGO LAKESIDE JAZZ
1384,Vtho,VTHO,,,VTHO
1385,Lifeforce Jazz,LIFEFORCE JAZZ,,,LIFEFORCE JAZZ
1386,AECO,AECO,,,AECO
1387,Rogue Art,ROGUE ART,,,ROGUE ART
1388,Edex Records,EDEX RECORDS,,,EDEX RECORDS
1389,Jazzizit,JAZZIZIT,Eng.,,JAZZIZIT
1390,Session,SESSION,,,SESSION
1391,Lunar Modules,LUNAR MODULES,,,LUNAR MODULES
1392,Audiophonic,AUDIOPHONIC,,,AUDIOPHONIC
1393,Yupiteru,YUPITERU,Jap.,,YUPITERU
1394,Jazz Inspiration,JAZZ INSPIRATION,Can.,,JAZZ INSPIRATION
1395,Unisson Records,UNISSON RECORDS,Can.,,UNISSON RECORDS
1396,Garagista Music,GARAGISTA MUSIC,,,GARAGISTA MUSIC
1397,No Coast Jazz Records,NO COAST JAZZ RECORDS,,,NO COAST JAZZ RECORDS
1398,Sonic Alchemy,SONIC ALCHEMY,,,SONIC ALCHEMY
1399,Vivicom,VIVICOM,,,VIVICOM
1400,Town And Country Records,TOWN AND COUNTRY RECORDS,,,TOWN AND COUNTRY RECORDS
1401,Topic,TOPIC,,,TOPIC
1402,Golden Guinea,GOLDEN GUINEA,,,GOLDEN GUINEA
1403,Fledg'ling,FLEDGLING,,,FLEDG'LING
1404,See For Miles,SEE FOR MILES,,,SEE FOR MILES
1405,Jazzmyn,JAZZMYN,,,JAZZMYN
1406,Miles High Productions,MILES HIGH PRODUCTIONS,,,MILES HIGH PRODUCTIONS
1407,Scorpio,SCORPIO,,,SCORPIO
1408,V-Disc,V-DISC,,,V-DISC
1410,unknown broadcast,UNKNOWN BROADCAST,,,UNKNOWN BROADCAST
1411,Asch,ASCH,,,ASCH
1413,Disc,DISC,,,DISC
1414,Blue Canoe,BLUE CANOE,,,BLUE CANOE
1415,Jazzology,JAZZOLOGY,,,JAZZOLOGY
1416,Futurama,FUTURAMA,,,FUTURAMA
1417,Origin,ORIGIN,,,ORIGIN
1418,NY Jam,NY JAM,,,NY JAM
1419,Jazzed Media,JAZZED MEDIA,,,JAZZED MEDIA
1420,Noteworthy,NOTEWORTHY,,,NOTEWORTHY
1421,Exclusive Arts,EXCLUSIVE ARTS,,,EXCLUSIVE ARTS
1422,Famous Door,FAMOUS DOOR,,,FAMOUS DOOR
1423,Meldac,MELDAC,,,MELDAC
1424,Monterey Jazz Festival Records,MONTEREY JAZZ FESTIVAL RECORDS,,,MONTEREY JAZZ FESTIVAL RECORDS
1425,Luz Records,LUZ RECORDS,,,LUZ RECORDS
1426,Dusty Groove,DUSTY GROOVE,,,DUSTY GROOVE
1427,GaleForce Records,GALEFORCE RECORDS,,,GALEFORCE RECORDS
1428,Lasheda Records,LASHEDA RECORDS,,,LASHEDA RECORDS
1429,18th And Vine,18TH AND VINE,,,18TH AND VINE
1430,Ugli Fruit Productions,UGLI FRUIT PRODUCTIONS,,,UGLI FRUIT PRODUCTIONS
1431,J. C. Recordings,J C RECORDINGS,,,J. C. RECORDINGS
1432,Sundazed,SUNDAZED,,,SUNDAZED
1433,Fun House,FUN HOUSE,,,FUN HOUSE
1434,Riza Records,RIZA RECORDS,,,RIZA RECORDS
1435,Apollon,APOLLON,,,APOLLON
1436,Sweet Basil,SWEET BASIL,,,SWEET BASIL
1437,MOCA,MOCA,,,MOCA
1438,Knit Classics,KNIT CLASSICS,,,KNIT CLASSICS
1439,LP Time,LP TIME,,,LP TIME
1440,Valiant,VALIANT,,,VALIANT
1441,PBR International,PBR INTERNATIONAL,,,PBR INTERNATIONAL
1442,Collector's Choice,COLLECTORS CHOICE,,,COLLECTOR'S CHOICE
1443,Glory,GLORY,,,GLORY
1444,Lineage,LINEAGE,,,LINEAGE
1445,Gene Norman Presents,GENE NORMAN PRESENTS,,,GENE NORMAN PRESENTS
1446,Interlude,INTERLUDE,,,INTERLUDE
1447,Camard Records,CAMARD RECORDS,,,CAMARD RECORDS
1448,Whippet,WHIPPET,,,WHIPPET
1449,Ocium,OCIUM,,,OCIUM
1450,Dale,DALE,,,DALE
1451,Jax,JAX,,,JAX
1452,Phoenix Jazz,PHOENIX JAZZ,,,PHOENIX JAZZ
1453,Strathallan,STRATHALLAN,,,STRATHALLAN
1454,Manor,MANOR,,,MANOR
1455,Hip-OSelect,HIP-OSELECT,,,HIP-OSELECT
1456,Zoho Music,ZOHO MUSIC,,,ZOHO MUSIC
1457,Spice Of Life,SPICE OF LIFE,,,SPICE OF LIFE
1458,Bush,BUSH,,,BUSH
1459,CSP,CSP,,,CSP
1460,SilverTone,SILVERTONE,,,SILVERTONE
1461,World Wide Records,WORLD WIDE RECORDS,,,WORLD WIDE RECORDS
1462,Asterik,ASTERIK,,,ASTERIK
1463,Karl Boxer,KARL BOXER,,,KARL BOXER
1464,Princess,PRINCESS,,,PRINCESS
1465,Nosniv Music,NOSNIV MUSIC,,,NOSNIV MUSIC
1466,Jamie,JAMIE,,,JAMIE
1467,Motif,MOTIF,,,MOTIF
1468,Herald,HERALD,,,HERALD
1469,Mount Vernon Music,MOUNT VERNON MUSIC,,,MOUNT VERNON MUSIC
1470,3D Japan,3D JAPAN,Jap.,,3D JAPAN
1471,Woofy,WOOFY,,,WOOFY
1472,Rep,REP,,,REP
